filename,speaker
TIMIT_SR/ENROLL/DR4/FADG0/SI1279.WAV,FADG0
TIMIT_SR/ENROLL/DR4/FADG0/SI1909.WAV,FADG0
TIMIT_SR/ENROLL/DR4/FADG0/SI649.WAV,FADG0
TIMIT_SR/ENROLL/DR4/FADG0/SX109.WAV,FADG0
TIMIT_SR/ENROLL/DR4/FADG0/SX19.WAV,FADG0
TIMIT_SR/ENROLL/DR4/FADG0/SX199.WAV,FADG0
TIMIT_SR/ENROLL/DR4/FADG0/SX289.WAV,FADG0
TIMIT_SR/ENROLL/DR4/FADG0/SX379.WAV,FADG0
TIMIT_SR/ENROLL/DR4/FALR0/SI1325.WAV,FALR0
TIMIT_SR/ENROLL/DR4/FALR0/SI1955.WAV,FALR0
TIMIT_SR/ENROLL/DR4/FALR0/SI695.WAV,FALR0
TIMIT_SR/ENROLL/DR4/FALR0/SX155.WAV,FALR0
TIMIT_SR/ENROLL/DR4/FALR0/SX245.WAV,FALR0
TIMIT_SR/ENROLL/DR4/FALR0/SX335.WAV,FALR0
TIMIT_SR/ENROLL/DR4/FALR0/SX425.WAV,FALR0
TIMIT_SR/ENROLL/DR4/FALR0/SX65.WAV,FALR0
TIMIT_SR/ENROLL/DR4/FBAS0/SI1387.WAV,FBAS0
TIMIT_SR/ENROLL/DR4/FBAS0/SI1472.WAV,FBAS0
TIMIT_SR/ENROLL/DR4/FBAS0/SI2066.WAV,FBAS0
TIMIT_SR/ENROLL/DR4/FBAS0/SX127.WAV,FBAS0
TIMIT_SR/ENROLL/DR4/FBAS0/SX217.WAV,FBAS0
TIMIT_SR/ENROLL/DR4/FBAS0/SX307.WAV,FBAS0
TIMIT_SR/ENROLL/DR4/FBAS0/SX37.WAV,FBAS0
TIMIT_SR/ENROLL/DR4/FBAS0/SX397.WAV,FBAS0
TIMIT_SR/ENROLL/DR4/FBMJ0/SI1776.WAV,FBMJ0
TIMIT_SR/ENROLL/DR4/FBMJ0/SI516.WAV,FBMJ0
TIMIT_SR/ENROLL/DR4/FBMJ0/SI815.WAV,FBMJ0
TIMIT_SR/ENROLL/DR4/FBMJ0/SX156.WAV,FBMJ0
TIMIT_SR/ENROLL/DR4/FBMJ0/SX246.WAV,FBMJ0
TIMIT_SR/ENROLL/DR4/FBMJ0/SX336.WAV,FBMJ0
TIMIT_SR/ENROLL/DR4/FBMJ0/SX426.WAV,FBMJ0
TIMIT_SR/ENROLL/DR4/FBMJ0/SX66.WAV,FBMJ0
TIMIT_SR/ENROLL/DR4/FCAG0/SI1503.WAV,FCAG0
TIMIT_SR/ENROLL/DR4/FCAG0/SI1641.WAV,FCAG0
TIMIT_SR/ENROLL/DR4/FCAG0/SI2133.WAV,FCAG0
TIMIT_SR/ENROLL/DR4/FCAG0/SX153.WAV,FCAG0
TIMIT_SR/ENROLL/DR4/FCAG0/SX243.WAV,FCAG0
TIMIT_SR/ENROLL/DR4/FCAG0/SX333.WAV,FCAG0
TIMIT_SR/ENROLL/DR4/FCAG0/SX423.WAV,FCAG0
TIMIT_SR/ENROLL/DR4/FCAG0/SX63.WAV,FCAG0
TIMIT_SR/ENROLL/DR4/FCFT0/SI1178.WAV,FCFT0
TIMIT_SR/ENROLL/DR4/FCFT0/SI1808.WAV,FCFT0
TIMIT_SR/ENROLL/DR4/FCFT0/SI548.WAV,FCFT0
TIMIT_SR/ENROLL/DR4/FCFT0/SX188.WAV,FCFT0
TIMIT_SR/ENROLL/DR4/FCFT0/SX278.WAV,FCFT0
TIMIT_SR/ENROLL/DR4/FCFT0/SX368.WAV,FCFT0
TIMIT_SR/ENROLL/DR4/FCFT0/SX8.WAV,FCFT0
TIMIT_SR/ENROLL/DR4/FCFT0/SX98.WAV,FCFT0
TIMIT_SR/ENROLL/DR4/FCRH0/SI1088.WAV,FCRH0
TIMIT_SR/ENROLL/DR4/FCRH0/SI1718.WAV,FCRH0
TIMIT_SR/ENROLL/DR4/FCRH0/SI458.WAV,FCRH0
TIMIT_SR/ENROLL/DR4/FCRH0/SX188.WAV,FCRH0
TIMIT_SR/ENROLL/DR4/FCRH0/SX278.WAV,FCRH0
TIMIT_SR/ENROLL/DR4/FCRH0/SX368.WAV,FCRH0
TIMIT_SR/ENROLL/DR4/FCRH0/SX8.WAV,FCRH0
TIMIT_SR/ENROLL/DR4/FCRH0/SX98.WAV,FCRH0
TIMIT_SR/ENROLL/DR4/FDKN0/SI1081.WAV,FDKN0
TIMIT_SR/ENROLL/DR4/FDKN0/SI1202.WAV,FDKN0
TIMIT_SR/ENROLL/DR4/FDKN0/SI1711.WAV,FDKN0
TIMIT_SR/ENROLL/DR4/FDKN0/SX181.WAV,FDKN0
TIMIT_SR/ENROLL/DR4/FDKN0/SX271.WAV,FDKN0
TIMIT_SR/ENROLL/DR4/FDKN0/SX361.WAV,FDKN0
TIMIT_SR/ENROLL/DR4/FDKN0/SX451.WAV,FDKN0
TIMIT_SR/ENROLL/DR4/FDKN0/SX91.WAV,FDKN0
TIMIT_SR/ENROLL/DR4/FDMS0/SI1218.WAV,FDMS0
TIMIT_SR/ENROLL/DR4/FDMS0/SI1502.WAV,FDMS0
TIMIT_SR/ENROLL/DR4/FDMS0/SI1848.WAV,FDMS0
TIMIT_SR/ENROLL/DR4/FDMS0/SX138.WAV,FDMS0
TIMIT_SR/ENROLL/DR4/FDMS0/SX228.WAV,FDMS0
TIMIT_SR/ENROLL/DR4/FDMS0/SX318.WAV,FDMS0
TIMIT_SR/ENROLL/DR4/FDMS0/SX408.WAV,FDMS0
TIMIT_SR/ENROLL/DR4/FDMS0/SX48.WAV,FDMS0
TIMIT_SR/ENROLL/DR4/FEDW0/SI1084.WAV,FEDW0
TIMIT_SR/ENROLL/DR4/FEDW0/SI1653.WAV,FEDW0
TIMIT_SR/ENROLL/DR4/FEDW0/SI1714.WAV,FEDW0
TIMIT_SR/ENROLL/DR4/FEDW0/SX184.WAV,FEDW0
TIMIT_SR/ENROLL/DR4/FEDW0/SX274.WAV,FEDW0
TIMIT_SR/ENROLL/DR4/FEDW0/SX364.WAV,FEDW0
TIMIT_SR/ENROLL/DR4/FEDW0/SX4.WAV,FEDW0
TIMIT_SR/ENROLL/DR4/FEDW0/SX94.WAV,FEDW0
TIMIT_SR/ENROLL/DR4/FEEH0/SI1112.WAV,FEEH0
TIMIT_SR/ENROLL/DR4/FEEH0/SI1742.WAV,FEEH0
TIMIT_SR/ENROLL/DR4/FEEH0/SI471.WAV,FEEH0
TIMIT_SR/ENROLL/DR4/FEEH0/SX122.WAV,FEEH0
TIMIT_SR/ENROLL/DR4/FEEH0/SX212.WAV,FEEH0
TIMIT_SR/ENROLL/DR4/FEEH0/SX302.WAV,FEEH0
TIMIT_SR/ENROLL/DR4/FEEH0/SX32.WAV,FEEH0
TIMIT_SR/ENROLL/DR4/FEEH0/SX392.WAV,FEEH0
TIMIT_SR/ENROLL/DR4/FGJD0/SI1179.WAV,FGJD0
TIMIT_SR/ENROLL/DR4/FGJD0/SI549.WAV,FGJD0
TIMIT_SR/ENROLL/DR4/FGJD0/SI818.WAV,FGJD0
TIMIT_SR/ENROLL/DR4/FGJD0/SX189.WAV,FGJD0
TIMIT_SR/ENROLL/DR4/FGJD0/SX279.WAV,FGJD0
TIMIT_SR/ENROLL/DR4/FGJD0/SX369.WAV,FGJD0
TIMIT_SR/ENROLL/DR4/FGJD0/SX9.WAV,FGJD0
TIMIT_SR/ENROLL/DR4/FGJD0/SX99.WAV,FGJD0
TIMIT_SR/ENROLL/DR4/FJLM0/SI1043.WAV,FJLM0
TIMIT_SR/ENROLL/DR4/FJLM0/SI1673.WAV,FJLM0
TIMIT_SR/ENROLL/DR4/FJLM0/SI2303.WAV,FJLM0
TIMIT_SR/ENROLL/DR4/FJLM0/SX143.WAV,FJLM0
TIMIT_SR/ENROLL/DR4/FJLM0/SX233.WAV,FJLM0
TIMIT_SR/ENROLL/DR4/FJLM0/SX323.WAV,FJLM0
TIMIT_SR/ENROLL/DR4/FJLM0/SX413.WAV,FJLM0
TIMIT_SR/ENROLL/DR4/FJLM0/SX53.WAV,FJLM0
TIMIT_SR/ENROLL/DR4/FJMG0/SI1181.WAV,FJMG0
TIMIT_SR/ENROLL/DR4/FJMG0/SI1811.WAV,FJMG0
TIMIT_SR/ENROLL/DR4/FJMG0/SI551.WAV,FJMG0
TIMIT_SR/ENROLL/DR4/FJMG0/SX101.WAV,FJMG0
TIMIT_SR/ENROLL/DR4/FJMG0/SX11.WAV,FJMG0
TIMIT_SR/ENROLL/DR4/FJMG0/SX191.WAV,FJMG0
TIMIT_SR/ENROLL/DR4/FJMG0/SX281.WAV,FJMG0
TIMIT_SR/ENROLL/DR4/FJMG0/SX371.WAV,FJMG0
TIMIT_SR/ENROLL/DR4/FJWB1/SI2055.WAV,FJWB1
TIMIT_SR/ENROLL/DR4/FJWB1/SI748.WAV,FJWB1
TIMIT_SR/ENROLL/DR4/FJWB1/SI795.WAV,FJWB1
TIMIT_SR/ENROLL/DR4/FJWB1/SX165.WAV,FJWB1
TIMIT_SR/ENROLL/DR4/FJWB1/SX255.WAV,FJWB1
TIMIT_SR/ENROLL/DR4/FJWB1/SX345.WAV,FJWB1
TIMIT_SR/ENROLL/DR4/FJWB1/SX435.WAV,FJWB1
TIMIT_SR/ENROLL/DR4/FJWB1/SX75.WAV,FJWB1
TIMIT_SR/ENROLL/DR4/FJXP0/SI1122.WAV,FJXP0
TIMIT_SR/ENROLL/DR4/FJXP0/SI1752.WAV,FJXP0
TIMIT_SR/ENROLL/DR4/FJXP0/SI492.WAV,FJXP0
TIMIT_SR/ENROLL/DR4/FJXP0/SX132.WAV,FJXP0
TIMIT_SR/ENROLL/DR4/FJXP0/SX222.WAV,FJXP0
TIMIT_SR/ENROLL/DR4/FJXP0/SX312.WAV,FJXP0
TIMIT_SR/ENROLL/DR4/FJXP0/SX402.WAV,FJXP0
TIMIT_SR/ENROLL/DR4/FJXP0/SX42.WAV,FJXP0
TIMIT_SR/ENROLL/DR4/FKDW0/SI1207.WAV,FKDW0
TIMIT_SR/ENROLL/DR4/FKDW0/SI1891.WAV,FKDW0
TIMIT_SR/ENROLL/DR4/FKDW0/SI577.WAV,FKDW0
TIMIT_SR/ENROLL/DR4/FKDW0/SX127.WAV,FKDW0
TIMIT_SR/ENROLL/DR4/FKDW0/SX217.WAV,FKDW0
TIMIT_SR/ENROLL/DR4/FKDW0/SX307.WAV,FKDW0
TIMIT_SR/ENROLL/DR4/FKDW0/SX37.WAV,FKDW0
TIMIT_SR/ENROLL/DR4/FKDW0/SX397.WAV,FKDW0
TIMIT_SR/ENROLL/DR4/FKLC0/SI1615.WAV,FKLC0
TIMIT_SR/ENROLL/DR4/FKLC0/SI2245.WAV,FKLC0
TIMIT_SR/ENROLL/DR4/FKLC0/SI985.WAV,FKLC0
TIMIT_SR/ENROLL/DR4/FKLC0/SX175.WAV,FKLC0
TIMIT_SR/ENROLL/DR4/FKLC0/SX265.WAV,FKLC0
TIMIT_SR/ENROLL/DR4/FKLC0/SX355.WAV,FKLC0
TIMIT_SR/ENROLL/DR4/FKLC0/SX445.WAV,FKLC0
TIMIT_SR/ENROLL/DR4/FKLC0/SX85.WAV,FKLC0
TIMIT_SR/ENROLL/DR4/FLBW0/SI1219.WAV,FLBW0
TIMIT_SR/ENROLL/DR4/FLBW0/SI1849.WAV,FLBW0
TIMIT_SR/ENROLL/DR4/FLBW0/SI2253.WAV,FLBW0
TIMIT_SR/ENROLL/DR4/FLBW0/SX139.WAV,FLBW0
TIMIT_SR/ENROLL/DR4/FLBW0/SX229.WAV,FLBW0
TIMIT_SR/ENROLL/DR4/FLBW0/SX319.WAV,FLBW0
TIMIT_SR/ENROLL/DR4/FLBW0/SX409.WAV,FLBW0
TIMIT_SR/ENROLL/DR4/FLBW0/SX49.WAV,FLBW0
TIMIT_SR/ENROLL/DR4/FLHD0/SI1344.WAV,FLHD0
TIMIT_SR/ENROLL/DR4/FLHD0/SI1827.WAV,FLHD0
TIMIT_SR/ENROLL/DR4/FLHD0/SI1974.WAV,FLHD0
TIMIT_SR/ENROLL/DR4/FLHD0/SX174.WAV,FLHD0
TIMIT_SR/ENROLL/DR4/FLHD0/SX264.WAV,FLHD0
TIMIT_SR/ENROLL/DR4/FLHD0/SX354.WAV,FLHD0
TIMIT_SR/ENROLL/DR4/FLHD0/SX444.WAV,FLHD0
TIMIT_SR/ENROLL/DR4/FLHD0/SX84.WAV,FLHD0
TIMIT_SR/ENROLL/DR4/FLKD0/SI1369.WAV,FLKD0
TIMIT_SR/ENROLL/DR4/FLKD0/SI739.WAV,FLKD0
TIMIT_SR/ENROLL/DR4/FLKD0/SI894.WAV,FLKD0
TIMIT_SR/ENROLL/DR4/FLKD0/SX109.WAV,FLKD0
TIMIT_SR/ENROLL/DR4/FLKD0/SX19.WAV,FLKD0
TIMIT_SR/ENROLL/DR4/FLKD0/SX199.WAV,FLKD0
TIMIT_SR/ENROLL/DR4/FLKD0/SX289.WAV,FLKD0
TIMIT_SR/ENROLL/DR4/FLKD0/SX379.WAV,FLKD0
TIMIT_SR/ENROLL/DR4/FLKM0/SI1880.WAV,FLKM0
TIMIT_SR/ENROLL/DR4/FLKM0/SI620.WAV,FLKM0
TIMIT_SR/ENROLL/DR4/FLKM0/SI686.WAV,FLKM0
TIMIT_SR/ENROLL/DR4/FLKM0/SX116.WAV,FLKM0
TIMIT_SR/ENROLL/DR4/FLKM0/SX260.WAV,FLKM0
TIMIT_SR/ENROLL/DR4/FLKM0/SX350.WAV,FLKM0
TIMIT_SR/ENROLL/DR4/FLKM0/SX440.WAV,FLKM0
TIMIT_SR/ENROLL/DR4/FLKM0/SX80.WAV,FLKM0
TIMIT_SR/ENROLL/DR4/FMAF0/SI1459.WAV,FMAF0
TIMIT_SR/ENROLL/DR4/FMAF0/SI2089.WAV,FMAF0
TIMIT_SR/ENROLL/DR4/FMAF0/SI829.WAV,FMAF0
TIMIT_SR/ENROLL/DR4/FMAF0/SX109.WAV,FMAF0
TIMIT_SR/ENROLL/DR4/FMAF0/SX19.WAV,FMAF0
TIMIT_SR/ENROLL/DR4/FMAF0/SX199.WAV,FMAF0
TIMIT_SR/ENROLL/DR4/FMAF0/SX289.WAV,FMAF0
TIMIT_SR/ENROLL/DR4/FMAF0/SX379.WAV,FMAF0
TIMIT_SR/ENROLL/DR4/FMCM0/SI1180.WAV,FMCM0
TIMIT_SR/ENROLL/DR4/FMCM0/SI1810.WAV,FMCM0
TIMIT_SR/ENROLL/DR4/FMCM0/SI550.WAV,FMCM0
TIMIT_SR/ENROLL/DR4/FMCM0/SX10.WAV,FMCM0
TIMIT_SR/ENROLL/DR4/FMCM0/SX100.WAV,FMCM0
TIMIT_SR/ENROLL/DR4/FMCM0/SX190.WAV,FMCM0
TIMIT_SR/ENROLL/DR4/FMCM0/SX280.WAV,FMCM0
TIMIT_SR/ENROLL/DR4/FMCM0/SX370.WAV,FMCM0
TIMIT_SR/ENROLL/DR4/FNMR0/SI1399.WAV,FNMR0
TIMIT_SR/ENROLL/DR4/FNMR0/SI2029.WAV,FNMR0
TIMIT_SR/ENROLL/DR4/FNMR0/SI769.WAV,FNMR0
TIMIT_SR/ENROLL/DR4/FNMR0/SX139.WAV,FNMR0
TIMIT_SR/ENROLL/DR4/FNMR0/SX229.WAV,FNMR0
TIMIT_SR/ENROLL/DR4/FNMR0/SX319.WAV,FNMR0
TIMIT_SR/ENROLL/DR4/FNMR0/SX409.WAV,FNMR0
TIMIT_SR/ENROLL/DR4/FNMR0/SX49.WAV,FNMR0
TIMIT_SR/ENROLL/DR4/FPAF0/SI1054.WAV,FPAF0
TIMIT_SR/ENROLL/DR4/FPAF0/SI1684.WAV,FPAF0
TIMIT_SR/ENROLL/DR4/FPAF0/SI2314.WAV,FPAF0
TIMIT_SR/ENROLL/DR4/FPAF0/SX154.WAV,FPAF0
TIMIT_SR/ENROLL/DR4/FPAF0/SX244.WAV,FPAF0
TIMIT_SR/ENROLL/DR4/FPAF0/SX334.WAV,FPAF0
TIMIT_SR/ENROLL/DR4/FPAF0/SX424.WAV,FPAF0
TIMIT_SR/ENROLL/DR4/FPAF0/SX64.WAV,FPAF0
TIMIT_SR/ENROLL/DR4/FREW0/SI1030.WAV,FREW0
TIMIT_SR/ENROLL/DR4/FREW0/SI1280.WAV,FREW0
TIMIT_SR/ENROLL/DR4/FREW0/SI1910.WAV,FREW0
TIMIT_SR/ENROLL/DR4/FREW0/SX110.WAV,FREW0
TIMIT_SR/ENROLL/DR4/FREW0/SX20.WAV,FREW0
TIMIT_SR/ENROLL/DR4/FREW0/SX200.WAV,FREW0
TIMIT_SR/ENROLL/DR4/FREW0/SX290.WAV,FREW0
TIMIT_SR/ENROLL/DR4/FREW0/SX380.WAV,FREW0
TIMIT_SR/ENROLL/DR4/FRNG0/SI1355.WAV,FRNG0
TIMIT_SR/ENROLL/DR4/FRNG0/SI1985.WAV,FRNG0
TIMIT_SR/ENROLL/DR4/FRNG0/SI725.WAV,FRNG0
TIMIT_SR/ENROLL/DR4/FRNG0/SX185.WAV,FRNG0
TIMIT_SR/ENROLL/DR4/FRNG0/SX275.WAV,FRNG0
TIMIT_SR/ENROLL/DR4/FRNG0/SX365.WAV,FRNG0
TIMIT_SR/ENROLL/DR4/FRNG0/SX5.WAV,FRNG0
TIMIT_SR/ENROLL/DR4/FRNG0/SX95.WAV,FRNG0
TIMIT_SR/ENROLL/DR4/FSAK0/SI1300.WAV,FSAK0
TIMIT_SR/ENROLL/DR4/FSAK0/SI1930.WAV,FSAK0
TIMIT_SR/ENROLL/DR4/FSAK0/SI670.WAV,FSAK0
TIMIT_SR/ENROLL/DR4/FSAK0/SX130.WAV,FSAK0
TIMIT_SR/ENROLL/DR4/FSAK0/SX220.WAV,FSAK0
TIMIT_SR/ENROLL/DR4/FSAK0/SX310.WAV,FSAK0
TIMIT_SR/ENROLL/DR4/FSAK0/SX40.WAV,FSAK0
TIMIT_SR/ENROLL/DR4/FSAK0/SX400.WAV,FSAK0
TIMIT_SR/ENROLL/DR4/FSEM0/SI1198.WAV,FSEM0
TIMIT_SR/ENROLL/DR4/FSEM0/SI1828.WAV,FSEM0
TIMIT_SR/ENROLL/DR4/FSEM0/SI568.WAV,FSEM0
TIMIT_SR/ENROLL/DR4/FSEM0/SX118.WAV,FSEM0
TIMIT_SR/ENROLL/DR4/FSEM0/SX208.WAV,FSEM0
TIMIT_SR/ENROLL/DR4/FSEM0/SX28.WAV,FSEM0
TIMIT_SR/ENROLL/DR4/FSEM0/SX298.WAV,FSEM0
TIMIT_SR/ENROLL/DR4/FSEM0/SX388.WAV,FSEM0
TIMIT_SR/ENROLL/DR4/FSSB0/SI1082.WAV,FSSB0
TIMIT_SR/ENROLL/DR4/FSSB0/SI1712.WAV,FSSB0
TIMIT_SR/ENROLL/DR4/FSSB0/SI2342.WAV,FSSB0
TIMIT_SR/ENROLL/DR4/FSSB0/SX182.WAV,FSSB0
TIMIT_SR/ENROLL/DR4/FSSB0/SX272.WAV,FSSB0
TIMIT_SR/ENROLL/DR4/FSSB0/SX362.WAV,FSSB0
TIMIT_SR/ENROLL/DR4/FSSB0/SX452.WAV,FSSB0
TIMIT_SR/ENROLL/DR4/FSSB0/SX92.WAV,FSSB0
TIMIT_SR/ENROLL/DR4/MAEB0/SI1411.WAV,MAEB0
TIMIT_SR/ENROLL/DR4/MAEB0/SI2250.WAV,MAEB0
TIMIT_SR/ENROLL/DR4/MAEB0/SI990.WAV,MAEB0
TIMIT_SR/ENROLL/DR4/MAEB0/SX180.WAV,MAEB0
TIMIT_SR/ENROLL/DR4/MAEB0/SX270.WAV,MAEB0
TIMIT_SR/ENROLL/DR4/MAEB0/SX360.WAV,MAEB0
TIMIT_SR/ENROLL/DR4/MAEB0/SX450.WAV,MAEB0
TIMIT_SR/ENROLL/DR4/MAEB0/SX90.WAV,MAEB0
TIMIT_SR/ENROLL/DR4/MARW0/SI1276.WAV,MARW0
TIMIT_SR/ENROLL/DR4/MARW0/SI1906.WAV,MARW0
TIMIT_SR/ENROLL/DR4/MARW0/SI646.WAV,MARW0
TIMIT_SR/ENROLL/DR4/MARW0/SX106.WAV,MARW0
TIMIT_SR/ENROLL/DR4/MARW0/SX16.WAV,MARW0
TIMIT_SR/ENROLL/DR4/MARW0/SX286.WAV,MARW0
TIMIT_SR/ENROLL/DR4/MARW0/SX349.WAV,MARW0
TIMIT_SR/ENROLL/DR4/MARW0/SX376.WAV,MARW0
TIMIT_SR/ENROLL/DR4/MBMA0/SI1222.WAV,MBMA0
TIMIT_SR/ENROLL/DR4/MBMA0/SI1852.WAV,MBMA0
TIMIT_SR/ENROLL/DR4/MBMA0/SI592.WAV,MBMA0
TIMIT_SR/ENROLL/DR4/MBMA0/SX142.WAV,MBMA0
TIMIT_SR/ENROLL/DR4/MBMA0/SX232.WAV,MBMA0
TIMIT_SR/ENROLL/DR4/MBMA0/SX322.WAV,MBMA0
TIMIT_SR/ENROLL/DR4/MBMA0/SX412.WAV,MBMA0
TIMIT_SR/ENROLL/DR4/MBMA0/SX52.WAV,MBMA0
TIMIT_SR/ENROLL/DR4/MBNS0/SI1220.WAV,MBNS0
TIMIT_SR/ENROLL/DR4/MBNS0/SI1850.WAV,MBNS0
TIMIT_SR/ENROLL/DR4/MBNS0/SI590.WAV,MBNS0
TIMIT_SR/ENROLL/DR4/MBNS0/SX140.WAV,MBNS0
TIMIT_SR/ENROLL/DR4/MBNS0/SX230.WAV,MBNS0
TIMIT_SR/ENROLL/DR4/MBNS0/SX320.WAV,MBNS0
TIMIT_SR/ENROLL/DR4/MBNS0/SX410.WAV,MBNS0
TIMIT_SR/ENROLL/DR4/MBNS0/SX50.WAV,MBNS0
TIMIT_SR/ENROLL/DR4/MBWP0/SI1531.WAV,MBWP0
TIMIT_SR/ENROLL/DR4/MBWP0/SI1969.WAV,MBWP0
TIMIT_SR/ENROLL/DR4/MBWP0/SI709.WAV,MBWP0
TIMIT_SR/ENROLL/DR4/MBWP0/SX169.WAV,MBWP0
TIMIT_SR/ENROLL/DR4/MBWP0/SX259.WAV,MBWP0
TIMIT_SR/ENROLL/DR4/MBWP0/SX349.WAV,MBWP0
TIMIT_SR/ENROLL/DR4/MBWP0/SX439.WAV,MBWP0
TIMIT_SR/ENROLL/DR4/MBWP0/SX79.WAV,MBWP0
TIMIT_SR/ENROLL/DR4/MCDR0/SI1154.WAV,MCDR0
TIMIT_SR/ENROLL/DR4/MCDR0/SI1784.WAV,MCDR0
TIMIT_SR/ENROLL/DR4/MCDR0/SI524.WAV,MCDR0
TIMIT_SR/ENROLL/DR4/MCDR0/SX164.WAV,MCDR0
TIMIT_SR/ENROLL/DR4/MCDR0/SX254.WAV,MCDR0
TIMIT_SR/ENROLL/DR4/MCDR0/SX344.WAV,MCDR0
TIMIT_SR/ENROLL/DR4/MCDR0/SX434.WAV,MCDR0
TIMIT_SR/ENROLL/DR4/MCDR0/SX74.WAV,MCDR0
TIMIT_SR/ENROLL/DR4/MCSS0/SI1380.WAV,MCSS0
TIMIT_SR/ENROLL/DR4/MCSS0/SI688.WAV,MCSS0
TIMIT_SR/ENROLL/DR4/MCSS0/SI750.WAV,MCSS0
TIMIT_SR/ENROLL/DR4/MCSS0/SX120.WAV,MCSS0
TIMIT_SR/ENROLL/DR4/MCSS0/SX210.WAV,MCSS0
TIMIT_SR/ENROLL/DR4/MCSS0/SX30.WAV,MCSS0
TIMIT_SR/ENROLL/DR4/MCSS0/SX300.WAV,MCSS0
TIMIT_SR/ENROLL/DR4/MCSS0/SX390.WAV,MCSS0
TIMIT_SR/ENROLL/DR4/MDCD0/SI1415.WAV,MDCD0
TIMIT_SR/ENROLL/DR4/MDCD0/SI2045.WAV,MDCD0
TIMIT_SR/ENROLL/DR4/MDCD0/SI785.WAV,MDCD0
TIMIT_SR/ENROLL/DR4/MDCD0/SX155.WAV,MDCD0
TIMIT_SR/ENROLL/DR4/MDCD0/SX245.WAV,MDCD0
TIMIT_SR/ENROLL/DR4/MDCD0/SX335.WAV,MDCD0
TIMIT_SR/ENROLL/DR4/MDCD0/SX425.WAV,MDCD0
TIMIT_SR/ENROLL/DR4/MDCD0/SX65.WAV,MDCD0
TIMIT_SR/ENROLL/DR4/MDLS0/SI1628.WAV,MDLS0
TIMIT_SR/ENROLL/DR4/MDLS0/SI2258.WAV,MDLS0
TIMIT_SR/ENROLL/DR4/MDLS0/SI998.WAV,MDLS0
TIMIT_SR/ENROLL/DR4/MDLS0/SX188.WAV,MDLS0
TIMIT_SR/ENROLL/DR4/MDLS0/SX278.WAV,MDLS0
TIMIT_SR/ENROLL/DR4/MDLS0/SX368.WAV,MDLS0
TIMIT_SR/ENROLL/DR4/MDLS0/SX8.WAV,MDLS0
TIMIT_SR/ENROLL/DR4/MDLS0/SX98.WAV,MDLS0
TIMIT_SR/ENROLL/DR4/MDMA0/SI1238.WAV,MDMA0
TIMIT_SR/ENROLL/DR4/MDMA0/SI1430.WAV,MDMA0
TIMIT_SR/ENROLL/DR4/MDMA0/SI2060.WAV,MDMA0
TIMIT_SR/ENROLL/DR4/MDMA0/SX170.WAV,MDMA0
TIMIT_SR/ENROLL/DR4/MDMA0/SX260.WAV,MDMA0
TIMIT_SR/ENROLL/DR4/MDMA0/SX350.WAV,MDMA0
TIMIT_SR/ENROLL/DR4/MDMA0/SX440.WAV,MDMA0
TIMIT_SR/ENROLL/DR4/MDMA0/SX80.WAV,MDMA0
TIMIT_SR/ENROLL/DR4/MDRM0/SI1013.WAV,MDRM0
TIMIT_SR/ENROLL/DR4/MDRM0/SI1643.WAV,MDRM0
TIMIT_SR/ENROLL/DR4/MDRM0/SI2273.WAV,MDRM0
TIMIT_SR/ENROLL/DR4/MDRM0/SX113.WAV,MDRM0
TIMIT_SR/ENROLL/DR4/MDRM0/SX203.WAV,MDRM0
TIMIT_SR/ENROLL/DR4/MDRM0/SX23.WAV,MDRM0
TIMIT_SR/ENROLL/DR4/MDRM0/SX293.WAV,MDRM0
TIMIT_SR/ENROLL/DR4/MDRM0/SX383.WAV,MDRM0
TIMIT_SR/ENROLL/DR4/MESG0/SI1332.WAV,MESG0
TIMIT_SR/ENROLL/DR4/MESG0/SI1962.WAV,MESG0
TIMIT_SR/ENROLL/DR4/MESG0/SI702.WAV,MESG0
TIMIT_SR/ENROLL/DR4/MESG0/SX162.WAV,MESG0
TIMIT_SR/ENROLL/DR4/MESG0/SX252.WAV,MESG0
TIMIT_SR/ENROLL/DR4/MESG0/SX342.WAV,MESG0
TIMIT_SR/ENROLL/DR4/MESG0/SX432.WAV,MESG0
TIMIT_SR/ENROLL/DR4/MESG0/SX72.WAV,MESG0
TIMIT_SR/ENROLL/DR4/MFRM0/SI1155.WAV,MFRM0
TIMIT_SR/ENROLL/DR4/MFRM0/SI1717.WAV,MFRM0
TIMIT_SR/ENROLL/DR4/MFRM0/SI1785.WAV,MFRM0
TIMIT_SR/ENROLL/DR4/MFRM0/SX165.WAV,MFRM0
TIMIT_SR/ENROLL/DR4/MFRM0/SX255.WAV,MFRM0
TIMIT_SR/ENROLL/DR4/MFRM0/SX345.WAV,MFRM0
TIMIT_SR/ENROLL/DR4/MFRM0/SX435.WAV,MFRM0
TIMIT_SR/ENROLL/DR4/MFRM0/SX75.WAV,MFRM0
TIMIT_SR/ENROLL/DR4/MFWK0/SI1249.WAV,MFWK0
TIMIT_SR/ENROLL/DR4/MFWK0/SI1879.WAV,MFWK0
TIMIT_SR/ENROLL/DR4/MFWK0/SI619.WAV,MFWK0
TIMIT_SR/ENROLL/DR4/MFWK0/SX169.WAV,MFWK0
TIMIT_SR/ENROLL/DR4/MFWK0/SX259.WAV,MFWK0
TIMIT_SR/ENROLL/DR4/MFWK0/SX349.WAV,MFWK0
TIMIT_SR/ENROLL/DR4/MFWK0/SX439.WAV,MFWK0
TIMIT_SR/ENROLL/DR4/MFWK0/SX79.WAV,MFWK0
TIMIT_SR/ENROLL/DR4/MGAG0/SI1321.WAV,MGAG0
TIMIT_SR/ENROLL/DR4/MGAG0/SI645.WAV,MGAG0
TIMIT_SR/ENROLL/DR4/MGAG0/SI691.WAV,MGAG0
TIMIT_SR/ENROLL/DR4/MGAG0/SX151.WAV,MGAG0
TIMIT_SR/ENROLL/DR4/MGAG0/SX241.WAV,MGAG0
TIMIT_SR/ENROLL/DR4/MGAG0/SX331.WAV,MGAG0
TIMIT_SR/ENROLL/DR4/MGAG0/SX421.WAV,MGAG0
TIMIT_SR/ENROLL/DR4/MGAG0/SX61.WAV,MGAG0
TIMIT_SR/ENROLL/DR4/MGJC0/SI1256.WAV,MGJC0
TIMIT_SR/ENROLL/DR4/MGJC0/SI1335.WAV,MGJC0
TIMIT_SR/ENROLL/DR4/MGJC0/SI1965.WAV,MGJC0
TIMIT_SR/ENROLL/DR4/MGJC0/SX165.WAV,MGJC0
TIMIT_SR/ENROLL/DR4/MGJC0/SX255.WAV,MGJC0
TIMIT_SR/ENROLL/DR4/MGJC0/SX345.WAV,MGJC0
TIMIT_SR/ENROLL/DR4/MGJC0/SX435.WAV,MGJC0
TIMIT_SR/ENROLL/DR4/MGJC0/SX75.WAV,MGJC0
TIMIT_SR/ENROLL/DR4/MGMM0/SI1129.WAV,MGMM0
TIMIT_SR/ENROLL/DR4/MGMM0/SI1759.WAV,MGMM0
TIMIT_SR/ENROLL/DR4/MGMM0/SI499.WAV,MGMM0
TIMIT_SR/ENROLL/DR4/MGMM0/SX139.WAV,MGMM0
TIMIT_SR/ENROLL/DR4/MGMM0/SX229.WAV,MGMM0
TIMIT_SR/ENROLL/DR4/MGMM0/SX319.WAV,MGMM0
TIMIT_SR/ENROLL/DR4/MGMM0/SX409.WAV,MGMM0
TIMIT_SR/ENROLL/DR4/MGMM0/SX49.WAV,MGMM0
TIMIT_SR/ENROLL/DR4/MGRP0/SI1317.WAV,MGRP0
TIMIT_SR/ENROLL/DR4/MGRP0/SI1947.WAV,MGRP0
TIMIT_SR/ENROLL/DR4/MGRP0/SI687.WAV,MGRP0
TIMIT_SR/ENROLL/DR4/MGRP0/SX147.WAV,MGRP0
TIMIT_SR/ENROLL/DR4/MGRP0/SX237.WAV,MGRP0
TIMIT_SR/ENROLL/DR4/MGRP0/SX327.WAV,MGRP0
TIMIT_SR/ENROLL/DR4/MGRP0/SX417.WAV,MGRP0
TIMIT_SR/ENROLL/DR4/MGRP0/SX57.WAV,MGRP0
TIMIT_SR/ENROLL/DR4/MGXP0/SI1087.WAV,MGXP0
TIMIT_SR/ENROLL/DR4/MGXP0/SI457.WAV,MGXP0
TIMIT_SR/ENROLL/DR4/MGXP0/SI525.WAV,MGXP0
TIMIT_SR/ENROLL/DR4/MGXP0/SX187.WAV,MGXP0
TIMIT_SR/ENROLL/DR4/MGXP0/SX277.WAV,MGXP0
TIMIT_SR/ENROLL/DR4/MGXP0/SX367.WAV,MGXP0
TIMIT_SR/ENROLL/DR4/MGXP0/SX7.WAV,MGXP0
TIMIT_SR/ENROLL/DR4/MGXP0/SX97.WAV,MGXP0
TIMIT_SR/ENROLL/DR4/MJAC0/SI1331.WAV,MJAC0
TIMIT_SR/ENROLL/DR4/MJAC0/SI2148.WAV,MJAC0
TIMIT_SR/ENROLL/DR4/MJAC0/SI701.WAV,MJAC0
TIMIT_SR/ENROLL/DR4/MJAC0/SX251.WAV,MJAC0
TIMIT_SR/ENROLL/DR4/MJAC0/SX307.WAV,MJAC0
TIMIT_SR/ENROLL/DR4/MJAC0/SX341.WAV,MJAC0
TIMIT_SR/ENROLL/DR4/MJAC0/SX431.WAV,MJAC0
TIMIT_SR/ENROLL/DR4/MJAC0/SX71.WAV,MJAC0
TIMIT_SR/ENROLL/DR4/MJDC0/SI1161.WAV,MJDC0
TIMIT_SR/ENROLL/DR4/MJDC0/SI2165.WAV,MJDC0
TIMIT_SR/ENROLL/DR4/MJDC0/SI531.WAV,MJDC0
TIMIT_SR/ENROLL/DR4/MJDC0/SX171.WAV,MJDC0
TIMIT_SR/ENROLL/DR4/MJDC0/SX261.WAV,MJDC0
TIMIT_SR/ENROLL/DR4/MJDC0/SX351.WAV,MJDC0
TIMIT_SR/ENROLL/DR4/MJDC0/SX441.WAV,MJDC0
TIMIT_SR/ENROLL/DR4/MJDC0/SX81.WAV,MJDC0
TIMIT_SR/ENROLL/DR4/MJDM1/SI1085.WAV,MJDM1
TIMIT_SR/ENROLL/DR4/MJDM1/SI1715.WAV,MJDM1
TIMIT_SR/ENROLL/DR4/MJDM1/SI455.WAV,MJDM1
TIMIT_SR/ENROLL/DR4/MJDM1/SX185.WAV,MJDM1
TIMIT_SR/ENROLL/DR4/MJDM1/SX275.WAV,MJDM1
TIMIT_SR/ENROLL/DR4/MJDM1/SX365.WAV,MJDM1
TIMIT_SR/ENROLL/DR4/MJDM1/SX5.WAV,MJDM1
TIMIT_SR/ENROLL/DR4/MJDM1/SX95.WAV,MJDM1
TIMIT_SR/ENROLL/DR4/MJEE0/SI1237.WAV,MJEE0
TIMIT_SR/ENROLL/DR4/MJEE0/SI1867.WAV,MJEE0
TIMIT_SR/ENROLL/DR4/MJEE0/SI607.WAV,MJEE0
TIMIT_SR/ENROLL/DR4/MJEE0/SX157.WAV,MJEE0
TIMIT_SR/ENROLL/DR4/MJEE0/SX247.WAV,MJEE0
TIMIT_SR/ENROLL/DR4/MJEE0/SX337.WAV,MJEE0
TIMIT_SR/ENROLL/DR4/MJEE0/SX427.WAV,MJEE0
TIMIT_SR/ENROLL/DR4/MJEE0/SX67.WAV,MJEE0
TIMIT_SR/ENROLL/DR4/MJJJ0/SI1163.WAV,MJJJ0
TIMIT_SR/ENROLL/DR4/MJJJ0/SI1793.WAV,MJJJ0
TIMIT_SR/ENROLL/DR4/MJJJ0/SI533.WAV,MJJJ0
TIMIT_SR/ENROLL/DR4/MJJJ0/SX173.WAV,MJJJ0
TIMIT_SR/ENROLL/DR4/MJJJ0/SX263.WAV,MJJJ0
TIMIT_SR/ENROLL/DR4/MJJJ0/SX353.WAV,MJJJ0
TIMIT_SR/ENROLL/DR4/MJJJ0/SX443.WAV,MJJJ0
TIMIT_SR/ENROLL/DR4/MJJJ0/SX83.WAV,MJJJ0
TIMIT_SR/ENROLL/DR4/MJLB0/SI1616.WAV,MJLB0
TIMIT_SR/ENROLL/DR4/MJLB0/SI2246.WAV,MJLB0
TIMIT_SR/ENROLL/DR4/MJLB0/SI986.WAV,MJLB0
TIMIT_SR/ENROLL/DR4/MJLB0/SX176.WAV,MJLB0
TIMIT_SR/ENROLL/DR4/MJLB0/SX266.WAV,MJLB0
TIMIT_SR/ENROLL/DR4/MJLB0/SX356.WAV,MJLB0
TIMIT_SR/ENROLL/DR4/MJLB0/SX446.WAV,MJLB0
TIMIT_SR/ENROLL/DR4/MJLB0/SX86.WAV,MJLB0
TIMIT_SR/ENROLL/DR4/MJLS0/SI1096.WAV,MJLS0
TIMIT_SR/ENROLL/DR4/MJLS0/SI1726.WAV,MJLS0
TIMIT_SR/ENROLL/DR4/MJLS0/SI466.WAV,MJLS0
TIMIT_SR/ENROLL/DR4/MJLS0/SX106.WAV,MJLS0
TIMIT_SR/ENROLL/DR4/MJLS0/SX16.WAV,MJLS0
TIMIT_SR/ENROLL/DR4/MJLS0/SX196.WAV,MJLS0
TIMIT_SR/ENROLL/DR4/MJLS0/SX286.WAV,MJLS0
TIMIT_SR/ENROLL/DR4/MJLS0/SX376.WAV,MJLS0
TIMIT_SR/ENROLL/DR4/MJMM0/SI1255.WAV,MJMM0
TIMIT_SR/ENROLL/DR4/MJMM0/SI1885.WAV,MJMM0
TIMIT_SR/ENROLL/DR4/MJMM0/SI625.WAV,MJMM0
TIMIT_SR/ENROLL/DR4/MJMM0/SX175.WAV,MJMM0
TIMIT_SR/ENROLL/DR4/MJMM0/SX265.WAV,MJMM0
TIMIT_SR/ENROLL/DR4/MJMM0/SX355.WAV,MJMM0
TIMIT_SR/ENROLL/DR4/MJMM0/SX445.WAV,MJMM0
TIMIT_SR/ENROLL/DR4/MJMM0/SX85.WAV,MJMM0
TIMIT_SR/ENROLL/DR4/MJPM1/SI1897.WAV,MJPM1
TIMIT_SR/ENROLL/DR4/MJPM1/SI2280.WAV,MJPM1
TIMIT_SR/ENROLL/DR4/MJPM1/SI761.WAV,MJPM1
TIMIT_SR/ENROLL/DR4/MJPM1/SX131.WAV,MJPM1
TIMIT_SR/ENROLL/DR4/MJPM1/SX221.WAV,MJPM1
TIMIT_SR/ENROLL/DR4/MJPM1/SX311.WAV,MJPM1
TIMIT_SR/ENROLL/DR4/MJPM1/SX401.WAV,MJPM1
TIMIT_SR/ENROLL/DR4/MJPM1/SX41.WAV,MJPM1
TIMIT_SR/ENROLL/DR4/MJRF0/SI1114.WAV,MJRF0
TIMIT_SR/ENROLL/DR4/MJRF0/SI2081.WAV,MJRF0
TIMIT_SR/ENROLL/DR4/MJRF0/SI821.WAV,MJRF0
TIMIT_SR/ENROLL/DR4/MJRF0/SX101.WAV,MJRF0
TIMIT_SR/ENROLL/DR4/MJRF0/SX11.WAV,MJRF0
TIMIT_SR/ENROLL/DR4/MJRF0/SX191.WAV,MJRF0
TIMIT_SR/ENROLL/DR4/MJRF0/SX281.WAV,MJRF0
TIMIT_SR/ENROLL/DR4/MJRF0/SX371.WAV,MJRF0
TIMIT_SR/ENROLL/DR4/MJRH0/SI1125.WAV,MJRH0
TIMIT_SR/ENROLL/DR4/MJRH0/SI1755.WAV,MJRH0
TIMIT_SR/ENROLL/DR4/MJRH0/SI1840.WAV,MJRH0
TIMIT_SR/ENROLL/DR4/MJRH0/SX135.WAV,MJRH0
TIMIT_SR/ENROLL/DR4/MJRH0/SX225.WAV,MJRH0
TIMIT_SR/ENROLL/DR4/MJRH0/SX315.WAV,MJRH0
TIMIT_SR/ENROLL/DR4/MJRH0/SX405.WAV,MJRH0
TIMIT_SR/ENROLL/DR4/MJRH0/SX45.WAV,MJRH0
TIMIT_SR/ENROLL/DR4/MJSR0/SI1424.WAV,MJSR0
TIMIT_SR/ENROLL/DR4/MJSR0/SI2054.WAV,MJSR0
TIMIT_SR/ENROLL/DR4/MJSR0/SI794.WAV,MJSR0
TIMIT_SR/ENROLL/DR4/MJSR0/SX164.WAV,MJSR0
TIMIT_SR/ENROLL/DR4/MJSR0/SX254.WAV,MJSR0
TIMIT_SR/ENROLL/DR4/MJSR0/SX344.WAV,MJSR0
TIMIT_SR/ENROLL/DR4/MJSR0/SX434.WAV,MJSR0
TIMIT_SR/ENROLL/DR4/MJSR0/SX74.WAV,MJSR0
TIMIT_SR/ENROLL/DR4/MJWS0/SI1143.WAV,MJWS0
TIMIT_SR/ENROLL/DR4/MJWS0/SI1773.WAV,MJWS0
TIMIT_SR/ENROLL/DR4/MJWS0/SI513.WAV,MJWS0
TIMIT_SR/ENROLL/DR4/MJWS0/SX153.WAV,MJWS0
TIMIT_SR/ENROLL/DR4/MJWS0/SX243.WAV,MJWS0
TIMIT_SR/ENROLL/DR4/MJWS0/SX333.WAV,MJWS0
TIMIT_SR/ENROLL/DR4/MJWS0/SX423.WAV,MJWS0
TIMIT_SR/ENROLL/DR4/MJWS0/SX63.WAV,MJWS0
TIMIT_SR/ENROLL/DR4/MJXL0/SI1172.WAV,MJXL0
TIMIT_SR/ENROLL/DR4/MJXL0/SI1795.WAV,MJXL0
TIMIT_SR/ENROLL/DR4/MJXL0/SI542.WAV,MJXL0
TIMIT_SR/ENROLL/DR4/MJXL0/SX182.WAV,MJXL0
TIMIT_SR/ENROLL/DR4/MJXL0/SX272.WAV,MJXL0
TIMIT_SR/ENROLL/DR4/MJXL0/SX362.WAV,MJXL0
TIMIT_SR/ENROLL/DR4/MJXL0/SX452.WAV,MJXL0
TIMIT_SR/ENROLL/DR4/MJXL0/SX92.WAV,MJXL0
TIMIT_SR/ENROLL/DR4/MKAM0/SI1250.WAV,MKAM0
TIMIT_SR/ENROLL/DR4/MKAM0/SI1316.WAV,MKAM0
TIMIT_SR/ENROLL/DR4/MKAM0/SI1465.WAV,MKAM0
TIMIT_SR/ENROLL/DR4/MKAM0/SX146.WAV,MKAM0
TIMIT_SR/ENROLL/DR4/MKAM0/SX236.WAV,MKAM0
TIMIT_SR/ENROLL/DR4/MKAM0/SX326.WAV,MKAM0
TIMIT_SR/ENROLL/DR4/MKAM0/SX416.WAV,MKAM0
TIMIT_SR/ENROLL/DR4/MKAM0/SX56.WAV,MKAM0
TIMIT_SR/ENROLL/DR4/MKCL0/SI1091.WAV,MKCL0
TIMIT_SR/ENROLL/DR4/MKCL0/SI1721.WAV,MKCL0
TIMIT_SR/ENROLL/DR4/MKCL0/SI461.WAV,MKCL0
TIMIT_SR/ENROLL/DR4/MKCL0/SX101.WAV,MKCL0
TIMIT_SR/ENROLL/DR4/MKCL0/SX11.WAV,MKCL0
TIMIT_SR/ENROLL/DR4/MKCL0/SX191.WAV,MKCL0
TIMIT_SR/ENROLL/DR4/MKCL0/SX281.WAV,MKCL0
TIMIT_SR/ENROLL/DR4/MKCL0/SX371.WAV,MKCL0
TIMIT_SR/ENROLL/DR4/MLBC0/SI1239.WAV,MLBC0
TIMIT_SR/ENROLL/DR4/MLBC0/SI1869.WAV,MLBC0
TIMIT_SR/ENROLL/DR4/MLBC0/SI609.WAV,MLBC0
TIMIT_SR/ENROLL/DR4/MLBC0/SX159.WAV,MLBC0
TIMIT_SR/ENROLL/DR4/MLBC0/SX249.WAV,MLBC0
TIMIT_SR/ENROLL/DR4/MLBC0/SX339.WAV,MLBC0
TIMIT_SR/ENROLL/DR4/MLBC0/SX429.WAV,MLBC0
TIMIT_SR/ENROLL/DR4/MLBC0/SX69.WAV,MLBC0
TIMIT_SR/ENROLL/DR4/MLEL0/SI1246.WAV,MLEL0
TIMIT_SR/ENROLL/DR4/MLEL0/SI1876.WAV,MLEL0
TIMIT_SR/ENROLL/DR4/MLEL0/SI616.WAV,MLEL0
TIMIT_SR/ENROLL/DR4/MLEL0/SX166.WAV,MLEL0
TIMIT_SR/ENROLL/DR4/MLEL0/SX256.WAV,MLEL0
TIMIT_SR/ENROLL/DR4/MLEL0/SX346.WAV,MLEL0
TIMIT_SR/ENROLL/DR4/MLEL0/SX436.WAV,MLEL0
TIMIT_SR/ENROLL/DR4/MLEL0/SX76.WAV,MLEL0
TIMIT_SR/ENROLL/DR4/MLJB0/SI1310.WAV,MLJB0
TIMIT_SR/ENROLL/DR4/MLJB0/SI1940.WAV,MLJB0
TIMIT_SR/ENROLL/DR4/MLJB0/SI680.WAV,MLJB0
TIMIT_SR/ENROLL/DR4/MLJB0/SX140.WAV,MLJB0
TIMIT_SR/ENROLL/DR4/MLJB0/SX230.WAV,MLJB0
TIMIT_SR/ENROLL/DR4/MLJB0/SX320.WAV,MLJB0
TIMIT_SR/ENROLL/DR4/MLJB0/SX410.WAV,MLJB0
TIMIT_SR/ENROLL/DR4/MLJB0/SX50.WAV,MLJB0
TIMIT_SR/ENROLL/DR4/MLJC0/SI1225.WAV,MLJC0
TIMIT_SR/ENROLL/DR4/MLJC0/SI1855.WAV,MLJC0
TIMIT_SR/ENROLL/DR4/MLJC0/SI595.WAV,MLJC0
TIMIT_SR/ENROLL/DR4/MLJC0/SX145.WAV,MLJC0
TIMIT_SR/ENROLL/DR4/MLJC0/SX235.WAV,MLJC0
TIMIT_SR/ENROLL/DR4/MLJC0/SX325.WAV,MLJC0
TIMIT_SR/ENROLL/DR4/MLJC0/SX415.WAV,MLJC0
TIMIT_SR/ENROLL/DR4/MLJC0/SX55.WAV,MLJC0
TIMIT_SR/ENROLL/DR4/MLJH0/SI1324.WAV,MLJH0
TIMIT_SR/ENROLL/DR4/MLJH0/SI1422.WAV,MLJH0
TIMIT_SR/ENROLL/DR4/MLJH0/SI694.WAV,MLJH0
TIMIT_SR/ENROLL/DR4/MLJH0/SX154.WAV,MLJH0
TIMIT_SR/ENROLL/DR4/MLJH0/SX244.WAV,MLJH0
TIMIT_SR/ENROLL/DR4/MLJH0/SX334.WAV,MLJH0
TIMIT_SR/ENROLL/DR4/MLJH0/SX424.WAV,MLJH0
TIMIT_SR/ENROLL/DR4/MLJH0/SX64.WAV,MLJH0
TIMIT_SR/ENROLL/DR4/MLLL0/SI1363.WAV,MLLL0
TIMIT_SR/ENROLL/DR4/MLLL0/SI1993.WAV,MLLL0
TIMIT_SR/ENROLL/DR4/MLLL0/SI733.WAV,MLLL0
TIMIT_SR/ENROLL/DR4/MLLL0/SX103.WAV,MLLL0
TIMIT_SR/ENROLL/DR4/MLLL0/SX13.WAV,MLLL0
TIMIT_SR/ENROLL/DR4/MLLL0/SX193.WAV,MLLL0
TIMIT_SR/ENROLL/DR4/MLLL0/SX283.WAV,MLLL0
TIMIT_SR/ENROLL/DR4/MLLL0/SX373.WAV,MLLL0
TIMIT_SR/ENROLL/DR4/MLSH0/SI1417.WAV,MLSH0
TIMIT_SR/ENROLL/DR4/MLSH0/SI2047.WAV,MLSH0
TIMIT_SR/ENROLL/DR4/MLSH0/SI787.WAV,MLSH0
TIMIT_SR/ENROLL/DR4/MLSH0/SX157.WAV,MLSH0
TIMIT_SR/ENROLL/DR4/MLSH0/SX247.WAV,MLSH0
TIMIT_SR/ENROLL/DR4/MLSH0/SX337.WAV,MLSH0
TIMIT_SR/ENROLL/DR4/MLSH0/SX427.WAV,MLSH0
TIMIT_SR/ENROLL/DR4/MLSH0/SX67.WAV,MLSH0
TIMIT_SR/ENROLL/DR4/MMBS0/SI1151.WAV,MMBS0
TIMIT_SR/ENROLL/DR4/MMBS0/SI1781.WAV,MMBS0
TIMIT_SR/ENROLL/DR4/MMBS0/SI521.WAV,MMBS0
TIMIT_SR/ENROLL/DR4/MMBS0/SX161.WAV,MMBS0
TIMIT_SR/ENROLL/DR4/MMBS0/SX251.WAV,MMBS0
TIMIT_SR/ENROLL/DR4/MMBS0/SX341.WAV,MMBS0
TIMIT_SR/ENROLL/DR4/MMBS0/SX431.WAV,MMBS0
TIMIT_SR/ENROLL/DR4/MMBS0/SX71.WAV,MMBS0
TIMIT_SR/ENROLL/DR4/MMDM0/SI1311.WAV,MMDM0
TIMIT_SR/ENROLL/DR4/MMDM0/SI1941.WAV,MMDM0
TIMIT_SR/ENROLL/DR4/MMDM0/SI681.WAV,MMDM0
TIMIT_SR/ENROLL/DR4/MMDM0/SX141.WAV,MMDM0
TIMIT_SR/ENROLL/DR4/MMDM0/SX231.WAV,MMDM0
TIMIT_SR/ENROLL/DR4/MMDM0/SX321.WAV,MMDM0
TIMIT_SR/ENROLL/DR4/MMDM0/SX411.WAV,MMDM0
TIMIT_SR/ENROLL/DR4/MMDM0/SX51.WAV,MMDM0
TIMIT_SR/ENROLL/DR4/MMGC0/SI1305.WAV,MMGC0
TIMIT_SR/ENROLL/DR4/MMGC0/SI1935.WAV,MMGC0
TIMIT_SR/ENROLL/DR4/MMGC0/SI2184.WAV,MMGC0
TIMIT_SR/ENROLL/DR4/MMGC0/SX135.WAV,MMGC0
TIMIT_SR/ENROLL/DR4/MMGC0/SX225.WAV,MMGC0
TIMIT_SR/ENROLL/DR4/MMGC0/SX315.WAV,MMGC0
TIMIT_SR/ENROLL/DR4/MMGC0/SX405.WAV,MMGC0
TIMIT_SR/ENROLL/DR4/MMGC0/SX45.WAV,MMGC0
TIMIT_SR/ENROLL/DR4/MNET0/SI1446.WAV,MNET0
TIMIT_SR/ENROLL/DR4/MNET0/SI2076.WAV,MNET0
TIMIT_SR/ENROLL/DR4/MNET0/SI816.WAV,MNET0
TIMIT_SR/ENROLL/DR4/MNET0/SX186.WAV,MNET0
TIMIT_SR/ENROLL/DR4/MNET0/SX276.WAV,MNET0
TIMIT_SR/ENROLL/DR4/MNET0/SX366.WAV,MNET0
TIMIT_SR/ENROLL/DR4/MNET0/SX6.WAV,MNET0
TIMIT_SR/ENROLL/DR4/MNET0/SX96.WAV,MNET0
TIMIT_SR/ENROLL/DR4/MPCS0/SI1359.WAV,MPCS0
TIMIT_SR/ENROLL/DR4/MPCS0/SI1989.WAV,MPCS0
TIMIT_SR/ENROLL/DR4/MPCS0/SI729.WAV,MPCS0
TIMIT_SR/ENROLL/DR4/MPCS0/SX189.WAV,MPCS0
TIMIT_SR/ENROLL/DR4/MPCS0/SX279.WAV,MPCS0
TIMIT_SR/ENROLL/DR4/MPCS0/SX369.WAV,MPCS0
TIMIT_SR/ENROLL/DR4/MPCS0/SX9.WAV,MPCS0
TIMIT_SR/ENROLL/DR4/MPCS0/SX99.WAV,MPCS0
TIMIT_SR/ENROLL/DR4/MPEB0/SI1034.WAV,MPEB0
TIMIT_SR/ENROLL/DR4/MPEB0/SI1860.WAV,MPEB0
TIMIT_SR/ENROLL/DR4/MPEB0/SI600.WAV,MPEB0
TIMIT_SR/ENROLL/DR4/MPEB0/SX150.WAV,MPEB0
TIMIT_SR/ENROLL/DR4/MPEB0/SX240.WAV,MPEB0
TIMIT_SR/ENROLL/DR4/MPEB0/SX330.WAV,MPEB0
TIMIT_SR/ENROLL/DR4/MPEB0/SX420.WAV,MPEB0
TIMIT_SR/ENROLL/DR4/MPEB0/SX60.WAV,MPEB0
TIMIT_SR/ENROLL/DR4/MPLB0/SI1394.WAV,MPLB0
TIMIT_SR/ENROLL/DR4/MPLB0/SI2024.WAV,MPLB0
TIMIT_SR/ENROLL/DR4/MPLB0/SI764.WAV,MPLB0
TIMIT_SR/ENROLL/DR4/MPLB0/SX134.WAV,MPLB0
TIMIT_SR/ENROLL/DR4/MPLB0/SX224.WAV,MPLB0
TIMIT_SR/ENROLL/DR4/MPLB0/SX314.WAV,MPLB0
TIMIT_SR/ENROLL/DR4/MPLB0/SX404.WAV,MPLB0
TIMIT_SR/ENROLL/DR4/MPLB0/SX44.WAV,MPLB0
TIMIT_SR/ENROLL/DR4/MPRK0/SI1097.WAV,MPRK0
TIMIT_SR/ENROLL/DR4/MPRK0/SI1727.WAV,MPRK0
TIMIT_SR/ENROLL/DR4/MPRK0/SI467.WAV,MPRK0
TIMIT_SR/ENROLL/DR4/MPRK0/SX107.WAV,MPRK0
TIMIT_SR/ENROLL/DR4/MPRK0/SX17.WAV,MPRK0
TIMIT_SR/ENROLL/DR4/MPRK0/SX197.WAV,MPRK0
TIMIT_SR/ENROLL/DR4/MPRK0/SX287.WAV,MPRK0
TIMIT_SR/ENROLL/DR4/MPRK0/SX377.WAV,MPRK0
TIMIT_SR/ENROLL/DR4/MPRT0/SI1210.WAV,MPRT0
TIMIT_SR/ENROLL/DR4/MPRT0/SI495.WAV,MPRT0
TIMIT_SR/ENROLL/DR4/MPRT0/SI580.WAV,MPRT0
TIMIT_SR/ENROLL/DR4/MPRT0/SX130.WAV,MPRT0
TIMIT_SR/ENROLL/DR4/MPRT0/SX220.WAV,MPRT0
TIMIT_SR/ENROLL/DR4/MPRT0/SX310.WAV,MPRT0
TIMIT_SR/ENROLL/DR4/MPRT0/SX40.WAV,MPRT0
TIMIT_SR/ENROLL/DR4/MPRT0/SX400.WAV,MPRT0
TIMIT_SR/ENROLL/DR4/MPWM0/SI1127.WAV,MPWM0
TIMIT_SR/ENROLL/DR4/MPWM0/SI1757.WAV,MPWM0
TIMIT_SR/ENROLL/DR4/MPWM0/SI2279.WAV,MPWM0
TIMIT_SR/ENROLL/DR4/MPWM0/SX137.WAV,MPWM0
TIMIT_SR/ENROLL/DR4/MPWM0/SX227.WAV,MPWM0
TIMIT_SR/ENROLL/DR4/MPWM0/SX317.WAV,MPWM0
TIMIT_SR/ENROLL/DR4/MPWM0/SX407.WAV,MPWM0
TIMIT_SR/ENROLL/DR4/MPWM0/SX47.WAV,MPWM0
TIMIT_SR/ENROLL/DR4/MRAB1/SI1478.WAV,MRAB1
TIMIT_SR/ENROLL/DR4/MRAB1/SI2108.WAV,MRAB1
TIMIT_SR/ENROLL/DR4/MRAB1/SI848.WAV,MRAB1
TIMIT_SR/ENROLL/DR4/MRAB1/SX128.WAV,MRAB1
TIMIT_SR/ENROLL/DR4/MRAB1/SX218.WAV,MRAB1
TIMIT_SR/ENROLL/DR4/MRAB1/SX308.WAV,MRAB1
TIMIT_SR/ENROLL/DR4/MRAB1/SX38.WAV,MRAB1
TIMIT_SR/ENROLL/DR4/MRAB1/SX398.WAV,MRAB1
TIMIT_SR/ENROLL/DR4/MRFL0/SI1156.WAV,MRFL0
TIMIT_SR/ENROLL/DR4/MRFL0/SI1786.WAV,MRFL0
TIMIT_SR/ENROLL/DR4/MRFL0/SI526.WAV,MRFL0
TIMIT_SR/ENROLL/DR4/MRFL0/SX166.WAV,MRFL0
TIMIT_SR/ENROLL/DR4/MRFL0/SX256.WAV,MRFL0
TIMIT_SR/ENROLL/DR4/MRFL0/SX346.WAV,MRFL0
TIMIT_SR/ENROLL/DR4/MRFL0/SX436.WAV,MRFL0
TIMIT_SR/ENROLL/DR4/MRFL0/SX76.WAV,MRFL0
TIMIT_SR/ENROLL/DR4/MRGM0/SI1162.WAV,MRGM0
TIMIT_SR/ENROLL/DR4/MRGM0/SI1792.WAV,MRGM0
TIMIT_SR/ENROLL/DR4/MRGM0/SI532.WAV,MRGM0
TIMIT_SR/ENROLL/DR4/MRGM0/SX172.WAV,MRGM0
TIMIT_SR/ENROLL/DR4/MRGM0/SX262.WAV,MRGM0
TIMIT_SR/ENROLL/DR4/MRGM0/SX416.WAV,MRGM0
TIMIT_SR/ENROLL/DR4/MRGM0/SX442.WAV,MRGM0
TIMIT_SR/ENROLL/DR4/MRGM0/SX82.WAV,MRGM0
TIMIT_SR/ENROLL/DR4/MRKO0/SI1397.WAV,MRKO0
TIMIT_SR/ENROLL/DR4/MRKO0/SI2027.WAV,MRKO0
TIMIT_SR/ENROLL/DR4/MRKO0/SI767.WAV,MRKO0
TIMIT_SR/ENROLL/DR4/MRKO0/SX137.WAV,MRKO0
TIMIT_SR/ENROLL/DR4/MRKO0/SX227.WAV,MRKO0
TIMIT_SR/ENROLL/DR4/MRKO0/SX317.WAV,MRKO0
TIMIT_SR/ENROLL/DR4/MRKO0/SX407.WAV,MRKO0
TIMIT_SR/ENROLL/DR4/MRKO0/SX47.WAV,MRKO0
TIMIT_SR/ENROLL/DR4/MROA0/SI1307.WAV,MROA0
TIMIT_SR/ENROLL/DR4/MROA0/SI1970.WAV,MROA0
TIMIT_SR/ENROLL/DR4/MROA0/SI677.WAV,MROA0
TIMIT_SR/ENROLL/DR4/MROA0/SX137.WAV,MROA0
TIMIT_SR/ENROLL/DR4/MROA0/SX227.WAV,MROA0
TIMIT_SR/ENROLL/DR4/MROA0/SX317.WAV,MROA0
TIMIT_SR/ENROLL/DR4/MROA0/SX407.WAV,MROA0
TIMIT_SR/ENROLL/DR4/MROA0/SX47.WAV,MROA0
TIMIT_SR/ENROLL/DR4/MRSP0/SI1429.WAV,MRSP0
TIMIT_SR/ENROLL/DR4/MRSP0/SI2059.WAV,MRSP0
TIMIT_SR/ENROLL/DR4/MRSP0/SI799.WAV,MRSP0
TIMIT_SR/ENROLL/DR4/MRSP0/SX169.WAV,MRSP0
TIMIT_SR/ENROLL/DR4/MRSP0/SX196.WAV,MRSP0
TIMIT_SR/ENROLL/DR4/MRSP0/SX259.WAV,MRSP0
TIMIT_SR/ENROLL/DR4/MRSP0/SX439.WAV,MRSP0
TIMIT_SR/ENROLL/DR4/MRSP0/SX79.WAV,MRSP0
TIMIT_SR/ENROLL/DR4/MSFH0/SI1216.WAV,MSFH0
TIMIT_SR/ENROLL/DR4/MSFH0/SI1738.WAV,MSFH0
TIMIT_SR/ENROLL/DR4/MSFH0/SI586.WAV,MSFH0
TIMIT_SR/ENROLL/DR4/MSFH0/SX136.WAV,MSFH0
TIMIT_SR/ENROLL/DR4/MSFH0/SX226.WAV,MSFH0
TIMIT_SR/ENROLL/DR4/MSFH0/SX316.WAV,MSFH0
TIMIT_SR/ENROLL/DR4/MSFH0/SX406.WAV,MSFH0
TIMIT_SR/ENROLL/DR4/MSFH0/SX46.WAV,MSFH0
TIMIT_SR/ENROLL/DR4/MSMC0/SI1907.WAV,MSMC0
TIMIT_SR/ENROLL/DR4/MSMC0/SI509.WAV,MSMC0
TIMIT_SR/ENROLL/DR4/MSMC0/SI647.WAV,MSMC0
TIMIT_SR/ENROLL/DR4/MSMC0/SX107.WAV,MSMC0
TIMIT_SR/ENROLL/DR4/MSMC0/SX17.WAV,MSMC0
TIMIT_SR/ENROLL/DR4/MSMC0/SX197.WAV,MSMC0
TIMIT_SR/ENROLL/DR4/MSMC0/SX287.WAV,MSMC0
TIMIT_SR/ENROLL/DR4/MSMC0/SX377.WAV,MSMC0
TIMIT_SR/ENROLL/DR4/MSMS0/SI1433.WAV,MSMS0
TIMIT_SR/ENROLL/DR4/MSMS0/SI2063.WAV,MSMS0
TIMIT_SR/ENROLL/DR4/MSMS0/SI803.WAV,MSMS0
TIMIT_SR/ENROLL/DR4/MSMS0/SX173.WAV,MSMS0
TIMIT_SR/ENROLL/DR4/MSMS0/SX263.WAV,MSMS0
TIMIT_SR/ENROLL/DR4/MSMS0/SX353.WAV,MSMS0
TIMIT_SR/ENROLL/DR4/MSMS0/SX443.WAV,MSMS0
TIMIT_SR/ENROLL/DR4/MSMS0/SX83.WAV,MSMS0
TIMIT_SR/ENROLL/DR4/MSRG0/SI1221.WAV,MSRG0
TIMIT_SR/ENROLL/DR4/MSRG0/SI1851.WAV,MSRG0
TIMIT_SR/ENROLL/DR4/MSRG0/SI591.WAV,MSRG0
TIMIT_SR/ENROLL/DR4/MSRG0/SX141.WAV,MSRG0
TIMIT_SR/ENROLL/DR4/MSRG0/SX231.WAV,MSRG0
TIMIT_SR/ENROLL/DR4/MSRG0/SX321.WAV,MSRG0
TIMIT_SR/ENROLL/DR4/MSRG0/SX411.WAV,MSRG0
TIMIT_SR/ENROLL/DR4/MSRG0/SX51.WAV,MSRG0
TIMIT_SR/ENROLL/DR4/MSTF0/SI1396.WAV,MSTF0
TIMIT_SR/ENROLL/DR4/MSTF0/SI766.WAV,MSTF0
TIMIT_SR/ENROLL/DR4/MSTF0/SI852.WAV,MSTF0
TIMIT_SR/ENROLL/DR4/MSTF0/SX136.WAV,MSTF0
TIMIT_SR/ENROLL/DR4/MSTF0/SX226.WAV,MSTF0
TIMIT_SR/ENROLL/DR4/MSTF0/SX316.WAV,MSTF0
TIMIT_SR/ENROLL/DR4/MSTF0/SX406.WAV,MSTF0
TIMIT_SR/ENROLL/DR4/MSTF0/SX46.WAV,MSTF0
TIMIT_SR/ENROLL/DR4/MTAS0/SI1385.WAV,MTAS0
TIMIT_SR/ENROLL/DR4/MTAS0/SI2015.WAV,MTAS0
TIMIT_SR/ENROLL/DR4/MTAS0/SI755.WAV,MTAS0
TIMIT_SR/ENROLL/DR4/MTAS0/SX125.WAV,MTAS0
TIMIT_SR/ENROLL/DR4/MTAS0/SX215.WAV,MTAS0
TIMIT_SR/ENROLL/DR4/MTAS0/SX305.WAV,MTAS0
TIMIT_SR/ENROLL/DR4/MTAS0/SX35.WAV,MTAS0
TIMIT_SR/ENROLL/DR4/MTAS0/SX395.WAV,MTAS0
TIMIT_SR/ENROLL/DR4/MTEB0/SI1133.WAV,MTEB0
TIMIT_SR/ENROLL/DR4/MTEB0/SI2064.WAV,MTEB0
TIMIT_SR/ENROLL/DR4/MTEB0/SI503.WAV,MTEB0
TIMIT_SR/ENROLL/DR4/MTEB0/SX143.WAV,MTEB0
TIMIT_SR/ENROLL/DR4/MTEB0/SX233.WAV,MTEB0
TIMIT_SR/ENROLL/DR4/MTEB0/SX323.WAV,MTEB0
TIMIT_SR/ENROLL/DR4/MTEB0/SX413.WAV,MTEB0
TIMIT_SR/ENROLL/DR4/MTEB0/SX53.WAV,MTEB0
TIMIT_SR/ENROLL/DR4/MTLS0/SI1370.WAV,MTLS0
TIMIT_SR/ENROLL/DR4/MTLS0/SI2000.WAV,MTLS0
TIMIT_SR/ENROLL/DR4/MTLS0/SI740.WAV,MTLS0
TIMIT_SR/ENROLL/DR4/MTLS0/SX110.WAV,MTLS0
TIMIT_SR/ENROLL/DR4/MTLS0/SX20.WAV,MTLS0
TIMIT_SR/ENROLL/DR4/MTLS0/SX200.WAV,MTLS0
TIMIT_SR/ENROLL/DR4/MTLS0/SX290.WAV,MTLS0
TIMIT_SR/ENROLL/DR4/MTLS0/SX380.WAV,MTLS0
TIMIT_SR/ENROLL/DR4/MTQC0/SI1441.WAV,MTQC0
TIMIT_SR/ENROLL/DR4/MTQC0/SI2071.WAV,MTQC0
TIMIT_SR/ENROLL/DR4/MTQC0/SI480.WAV,MTQC0
TIMIT_SR/ENROLL/DR4/MTQC0/SX181.WAV,MTQC0
TIMIT_SR/ENROLL/DR4/MTQC0/SX271.WAV,MTQC0
TIMIT_SR/ENROLL/DR4/MTQC0/SX361.WAV,MTQC0
TIMIT_SR/ENROLL/DR4/MTQC0/SX451.WAV,MTQC0
TIMIT_SR/ENROLL/DR4/MTQC0/SX91.WAV,MTQC0
TIMIT_SR/ENROLL/DR4/MTRC0/SI1623.WAV,MTRC0
TIMIT_SR/ENROLL/DR4/MTRC0/SI589.WAV,MTRC0
TIMIT_SR/ENROLL/DR4/MTRC0/SI993.WAV,MTRC0
TIMIT_SR/ENROLL/DR4/MTRC0/SX170.WAV,MTRC0
TIMIT_SR/ENROLL/DR4/MTRC0/SX183.WAV,MTRC0
TIMIT_SR/ENROLL/DR4/MTRC0/SX273.WAV,MTRC0
TIMIT_SR/ENROLL/DR4/MTRC0/SX363.WAV,MTRC0
TIMIT_SR/ENROLL/DR4/MTRC0/SX93.WAV,MTRC0
TIMIT_SR/ENROLL/DR4/MTRT0/SI1227.WAV,MTRT0
TIMIT_SR/ENROLL/DR4/MTRT0/SI1857.WAV,MTRT0
TIMIT_SR/ENROLL/DR4/MTRT0/SI597.WAV,MTRT0
TIMIT_SR/ENROLL/DR4/MTRT0/SX147.WAV,MTRT0
TIMIT_SR/ENROLL/DR4/MTRT0/SX237.WAV,MTRT0
TIMIT_SR/ENROLL/DR4/MTRT0/SX254.WAV,MTRT0
TIMIT_SR/ENROLL/DR4/MTRT0/SX417.WAV,MTRT0
TIMIT_SR/ENROLL/DR4/MTRT0/SX57.WAV,MTRT0
